{
  "download_jlcpcb.py": 1775771324.0603468,
  "eslint.config.js": 1775771324.0603468,
  "setup-windows.ps1": 1775771324.0663471,
  "test-router.js": 1775771324.0673473,
  "python/test_ipc_backend.py": 1775771324.0653472,
  "python/kicad_interface.py": 1775780018.4592102,
  "python/parsers/__init__.py": 1775771324.064347,
  "python/parsers/kicad_mod_parser.py": 1775771324.064347,
  "python/utils/__init__.py": 1775771324.0663471,
  "python/utils/platform_helper.py": 1775771324.0663471,
  "python/utils/kicad_process.py": 1775771324.0663471,
  "python/commands/__init__.py": 1775771324.061347,
  "python/commands/misc_handlers.py": 1775773149.7087677,
  "python/commands/wire_connectivity.py": 1775771324.063347,
  "python/commands/symbol_handlers.py": 1775772886.7599714,
  "python/commands/schematic.py": 1775771324.063347,
  "python/commands/project.py": 1775771324.063347,
  "python/commands/ipc_handlers.py": 1775773066.3005528,
  "python/commands/wire_dragger.py": 1775771324.063347,
  "python/commands/schematic_analysis.py": 1775771324.063347,
  "python/commands/library_symbol.py": 1775771324.063347,
  "python/commands/wire_manager.py": 1775771324.064347,
  "python/commands/component.py": 1775771324.062347,
  "python/commands/routing.py": 1775777824.975125,
  "python/commands/footprint.py": 1775771324.062347,
  "python/commands/jlcpcb.py": 1775771324.062347,
  "python/commands/schematic_handlers.py": 1775773468.2282376,
  "python/commands/symbol_creator.py": 1775771324.063347,
  "python/commands/component_schematic.py": 1775771324.062347,
  "python/commands/svg_import.py": 1775771324.063347,
  "python/commands/connection_schematic.py": 1775771324.062347,
  "python/commands/jlcsearch.py": 1775771324.063347,
  "python/commands/design_rules.py": 1775771324.062347,
  "python/commands/jlcpcb_parts.py": 1775771324.063347,
  "python/commands/board.py": 1775771324.061347,
  "python/commands/orthogonal_router.py": 1775777474.4930708,
  "python/commands/library.py": 1775771324.063347,
  "python/commands/export.py": 1775771324.062347,
  "python/commands/library_schematic.py": 1775771324.063347,
  "python/commands/datasheet_manager.py": 1775771324.062347,
  "python/commands/pin_locator.py": 1775771324.063347,
  "python/commands/dynamic_symbol_loader.py": 1775771324.062347,
  "python/commands/jlcpcb_handlers.py": 1775772939.768705,
  "python/commands/autoroute_cfha.py": 1775779813.971583,
  "python/commands/footprint_handlers.py": 1775772877.054035,
  "python/commands/freerouting.py": 1775771324.062347,
  "python/commands/board/layers.py": 1775771324.061347,
  "python/commands/board/__init__.py": 1775771324.061347,
  "python/commands/board/outline.py": 1775771324.061347,
  "python/commands/board/size.py": 1775771324.061347,
  "python/commands/board/view.py": 1775771324.061347,
  "python/tests/__init__.py": 1775771324.0653472,
  "python/tests/test_dynamic_symbol_loader.py": 1775771324.0653472,
  "python/tests/conftest.py": 1775771324.0653472,
  "python/tests/test_schematic_tools.py": 1775771324.0663471,
  "python/tests/test_project_defaults.py": 1775771324.0653472,
  "python/tests/test_orthogonal_router.py": 1775771324.0653472,
  "python/tests/test_move_with_wire_preservation.py": 1775771324.0653472,
  "python/tests/test_delete_schematic_component.py": 1775771324.0653472,
  "python/tests/test_schematic_analysis.py": 1775771324.0653472,
  "python/tests/test_schematic_component_fields.py": 1775771324.0653472,
  "python/tests/test_sync_schematic_to_board.py": 1775779909.2182717,
  "python/tests/test_wire_junction_changes.py": 1775771324.0663471,
  "python/tests/test_freerouting.py": 1775771324.0653472,
  "python/tests/test_connection_schematic.py": 1775771324.0653472,
  "python/tests/test_autoroute_cfha.py": 1775779923.4736636,
  "python/tests/test_wire_connectivity.py": 1775771324.0663471,
  "python/resources/__init__.py": 1775771324.064347,
  "python/resources/resource_definitions.py": 1775771324.0653472,
  "python/kicad_api/__init__.py": 1775771324.064347,
  "python/kicad_api/factory.py": 1775771324.064347,
  "python/kicad_api/swig_backend.py": 1775771324.064347,
  "python/kicad_api/base.py": 1775771324.064347,
  "python/kicad_api/ipc_backend.py": 1775771324.064347,
  "python/schemas/__init__.py": 1775771324.0653472,
  "python/schemas/tool_schemas.py": 1775779884.481586,
  "tests/__init__.py": 1775771324.0673473,
  "tests/test_platform_helper.py": 1775771324.0673473,
  "tests/test_ts_tool_registry.py": 1775771324.0673473,
  "scripts/run_autoroute_cfha_regression.py": 1775771324.0663471,
  "src/kicad-server.ts": 1775771324.0663471,
  "src/logger.ts": 1775771324.0663471,
  "src/server.ts": 1775771324.0673473,
  "src/config.ts": 1775771324.0663471,
  "src/index.ts": 1775771324.0663471,
  "src/utils/resource-helpers.ts": 1775771324.0673473,
  "src/prompts/component.ts": 1775771324.0663471,
  "src/prompts/design.ts": 1775771324.0663471,
  "src/prompts/routing.ts": 1775771324.0663471,
  "src/prompts/footprint.ts": 1775771324.0663471,
  "src/prompts/index.ts": 1775771324.0663471,
  "src/resources/component.ts": 1775771324.0663471,
  "src/resources/board.ts": 1775771324.0663471,
  "src/resources/library.ts": 1775771324.0663471,
  "src/resources/project.ts": 1775771324.0663471,
  "src/resources/index.ts": 1775771324.0663471,
  "src/tools/component.ts": 1775771324.0673473,
  "src/tools/schematic.ts": 1775779849.9626145,
  "src/tools/symbol-creator.ts": 1775771324.0673473,
  "src/tools/board.ts": 1775771324.0673473,
  "src/tools/datasheet.ts": 1775771324.0673473,
  "src/tools/design-rules.ts": 1775771324.0673473,
  "src/tools/routing.ts": 1775771324.0673473,
  "src/tools/jlcpcb-api.ts": 1775771324.0673473,
  "src/tools/ui.ts": 1775771324.0673473,
  "src/tools/library.ts": 1775771324.0673473,
  "src/tools/library-symbol.ts": 1775771324.0673473,
  "src/tools/footprint.ts": 1775771324.0673473,
  "src/tools/project.ts": 1775771324.0673473,
  "src/tools/freerouting.ts": 1775779841.6643784,
  "src/tools/registry.ts": 1775771324.0673473,
  "src/tools/export.ts": 1775771324.0673473,
  "src/tools/index.ts": 1775771324.0673473,
  "src/tools/router.ts": 1775771324.0673473,
  "requirements.txt": 1775771324.0663471,
  "CHANGELOG.md": 1775771324.0563467,
  "requirements-dev.txt": 1775771324.0663471,
  "README.md": 1775771324.0573468,
  "CONTRIBUTING.md": 1775771324.0563467,
  "python/requirements.txt": 1775771324.064347,
  "docs/PLATFORM_GUIDE.md": 1775771324.0583467,
  "docs/FREEROUTING_GUIDE.md": 1775771324.0573468,
  "docs/JLCPCB_USAGE_GUIDE.md": 1775771324.0583467,
  "docs/TOOL_INVENTORY.md": 1775771324.059347,
  "docs/VISUAL_FEEDBACK.md": 1775771324.059347,
  "docs/UI_AUTO_LAUNCH.md": 1775771324.059347,
  "docs/REALTIME_WORKFLOW.md": 1775771324.0583467,
  "docs/IPC_BACKEND_STATUS.md": 1775771324.0583467,
  "docs/WINDOWS_TROUBLESHOOTING.md": 1775771324.059347,
  "docs/KNOWN_ISSUES.md": 1775771324.0583467,
  "docs/SVG_IMPORT_GUIDE.md": 1775771324.059347,
  "docs/LINUX_COMPATIBILITY_AUDIT.md": 1775771324.0583467,
  "docs/FOOTPRINT_SYMBOL_CREATOR_GUIDE.md": 1775771324.0573468,
  "docs/ARCHITECTURE.md": 1775771324.0573468,
  "docs/JLCPCB_INTEGRATION.md": 1775771324.0583467,
  "docs/ROUTING_TOOLS_REFERENCE.md": 1775771324.059347,
  "docs/INDEX.md": 1775771324.0573468,
  "docs/mcp-router-guide.md": 1775771324.0603468,
  "docs/CLIENT_CONFIGURATION.md": 1775771324.0573468,
  "docs/ROADMAP.md": 1775771324.0583467,
  "docs/SCHEMATIC_TOOLS_REFERENCE.md": 1775779936.53702,
  "docs/ROUTER_ARCHITECTURE.md": 1775771324.0583467,
  "docs/PCB_DESIGN_WORKFLOW.md": 1775771324.0583467,
  "docs/LIBRARY_INTEGRATION.md": 1775771324.0583467,
  "docs/ROUTER_QUICK_START.md": 1775771324.0583467,
  "docs/DATASHEET_TOOLS_GUIDE.md": 1775771324.0573468,
  "docs/STATUS_SUMMARY.md": 1775771324.059347,
  "docs/archive/SCHEMATIC_WIRING_PLAN.md": 1775771324.0603468,
  "docs/archive/DYNAMIC_LIBRARY_LOADING_PLAN.md": 1775771324.059347,
  "docs/archive/JLCPCB_INTEGRATION_PLAN.md": 1775771324.0603468,